Company Name,Primary contact name,Fax,Primary contact email,Mailing address,Mailing city,Dba name,Dot number
Left Lane Transportation Inc,Paul Johnson,,leftlanetrans@gmail.com,,,Left Lane Transportation Inc,
Alpha & Omega Trans,"Joshua,Tabitha or Tina",(877) 626-2703,autotransport29@gmail.com,9036 Mission Blvd,"Riverside, CA",Alpha & Omega Trans,
Quality Time Towing,Lynnwood,,qualitytimetr@aol.com,5644 Zacks Mill rd,"Angier, NC",Quality Time Towing,24419
Freightbusters LLC,"Don Palmer, SujaThomas",(972) 449-1068,freightbustersllc@gmail.com,3637 Timberglen Rd #9212,"Dallas, TX",Freightbusters LLC,
Weatherford Carriers,Rhonda Weatherford,,weatherfordcarriers@aol.com,1019 N Oleander St,"Grand Saline, TX",Weatherford Carriers,
Elko Transport LLC,Andrey Tikhomirov,(360) 718-2664,elkotransport@gmail.com,11603 NE 103rd St,"Vancouver, WA",Elko Transport LLC,
Auto Trans Group Inc.,"Simon, Roxy, George",(866) 231-4410,dispatch@autotransgroupinc.com,1830 S Elmhurst Rd,"Elk Grove Village, IL",Auto Trans Group Inc.,
Ashley Transportation Inc,Julio A Perez,,ashleytrans1@yahoo.com,805 Sea Pines Ln,"Las Vegas, NV",Ashley Transportation Inc,
Wheeling Wheels,Mike Sola,(303) 362-7482,dispatch@wheelingwheels.com,2765 Riverside Parkway Suite B,"Grand Junction, CO",Wheeling Wheels,
Transport Connections Inc,Artem Kushnerchuk,(509) 244-1919,artstowingtransport@yahoo.com,1323 N. Craig Rd,"Spokane, WA",Transport Connections Inc,
All-Ways Mobile Transport,"Steve Schenk, Darlene Schenk",,awmtransport@gmail.com,26221 N Sands Rd,"Chattaroy, WA",All-Ways Mobile Transport,
Tony's Transport LLC,Anatoliy Fendich,(877) 225-0889,ftonytransport@yahoo.com,82 Suzy Lane,"Kalispell, MT",Tony's Transport LLC,
CFR Autodirect Trucking LLC,Jesus Garrido,(310) 627-2677,dispatch@cfrautodirect.com,15501 Texaco Ave,"Paramount, CA",CFR Autodirect Trucking LLC,
Rooshan Transport Inc,David McLean,,rooshantransportInc@gmail.com,46 Chrystal Farm Rd,"Warwick, NY",Rooshan Transport Inc,
Coldiron Transport LLC,Brandon Coldiron,,brandon@coldirontransport.com,4859 S QUEEN ST,"Littleton, CO",Coldiron Transport LLC,
Burrous Consolidated,Chris,,captain_morgan342@yahoo.com,106 N Maple St,"South Whitley, IN",Burrous Consolidated,
Stringham Enterprises LLC,shawn Stringham,,stringham.enterprises.llc@gmail.com,350 North Mesa Street,"Fruita, CO",Stringham Enterprises LLC,
Certified Construction Corp,Richard Brown,(303) 690-9567,cccdigger@comcast.net,5805 S. Ensenada St.,"Aurora, CO",Certified Construction Corp,
"Kwik Trans, Inc","Dispatch x104, Vito x103, Accounting x105",(800) 515-7750,kwiktransinc@gmail.com,PO Box 1063,"West Springfield, MA","Kwik Trans, Inc",
AAA Ltd,Alexey Andriyanov,,a240682@yahoo.com,3605 Van Teylingen Dr #14,"Colorado Springs, CO",AAA Ltd,
Centerline Transport,Brian,970-879-4823,centerlineplbg@q.com,2685 Iris Ln,"Steamboat Springs, CO",Centerline Transport,
All Star Auto Transport LLC,Jamil Zahedi,(720) 862-2027,allstarauto.t@gmail.com,25331 E Indore Dr,"Aurora, CO",All Star Auto Transport LLC,
Empire Transportation LLC,Denis/ Jana,(720) 389-9214,Empire.transportation.co@gmail.com,"14207 E. Grand Dr, 82","Aurora, CO",Empire Transportation LLC,
Moss Specialties,Ron Moss,,mossspecialties@hotmail.com,1121 N Boynton Rd,"Kaysville, UT",Moss Specialties,
United Transport Van Lines Inc.,Giorgi Ashvili,(561) 687-9376,unitedtransportvanlines@gmail.com,6533 Emerald Dunes Dr Apt 205,"West Palm Beach, FL",United Transport Van Lines Inc.,
Plan B Transporting Services LLC,"Carlos Carrillo,  Mayra Gonzalez",,planbtransportingservices@gmail.com,7009 Albacore Dr,"Houston, TX",Plan B Transporting Services LLC,
Reliable Transporters,Tangela Bertrand,(888) 909-3792,1reliabletransporters@gmail.com,8703 Grand Knolls,"Houston, TX",Reliable Transporters,
Better Haul Auto Transport Inc,Dispatch,(509) 209-9050,dispatch@betterhaul.com,PO Box 148,"Selah, WA",Better Haul Auto Transport Inc,
Reliable Auto Transport LLC,Assad Rahimi,,reliableauto76@gmail.com,19023 E 53rd Ave,"Denver, CO",Reliable Auto Transport LLC,
Madd Dog Transport,Shiela,,mrsmadddog@gmail.com,400 Stirling Ln,"Dacono, CO",Madd Dog Transport,
Lauritsen Transport,Brian or Bobbie Lauritsen,(814) 515-1833,lauritsentransport@hotmail.com,130 E. 21st Avenue,"Altoona, PA",Lauritsen Transport,
Diversified Auto Haulers,John Carmouche,,diversifiedautohaulers@yahoo.com,1923 Gray Slate Dr,"Missouri City, TX",Diversified Auto Haulers,
Brothers Motors,"Luda, Vitaliy, Alex",(888) 614-2147,brothermotors@gmail.com,1325 Main Ave,"Sacramento, CA",Brothers Motors,
Unified Auto Trans Corp,"Manny, Mike, Sean",(866) 617-7714,dispatch@unifiedautotrans.com,"9333 Stewart and Gray Rd., #103","Downey, CA",Unified Auto Trans Corp,
Colorado Freight Broker LLC,Ben Apuna,(720) 536-8455,bapuna@coloradofreightbrokers.com,416 South Olive Way,"Denver, CO",Colorado Freight Broker LLC,
Save-On Transport,"Luba, David",(503) 581-8892,saveontransport@hotmail.com,4410 Sweet Lane South,"Salem, OR",Save-On Transport,
TR2 Services LLC,Troy Curtis,,gmgrout@yahoo.com,13395 W. Paint Dr,"Boise, ID",TR2 Services LLC,
PA Express LLC,Nora - Veronica - Maya,(215) 604-1015,paexpress2015@yahoo.com,PO Box 1224,"Southampton, PA",PA Express LLC,
ILM Transportation Inc.,Ilhom,(267) 731-6951,ilmtransportation@gmail.com,9767Hilspach st  2 floor,"Philadelphia, PA",ILM Transportation Inc.,
VNS Auto Transport Inc,Vlad,(509) 534-4930,vnsautotransportinc@hotmail.com,1623 E Garland Ave,"Spokane, WA",VNS Auto Transport Inc,
SDM Transport Inc 2,"Zee,Linas,Marco or Andrew",(847) 672-8453,sdmtransportinc7@gmail.com,515 S Thaxter Ave,"Waukegan, IL",SDM Transport Inc 2,
West- East Transportation Company,Ella or Gennady,(818) 530-7845,ella.dispatch@gmail.com,10132 Fernglen Ave #B,"Tujunga, CA",West- East Transportation Company,
AP Transportation LLC,Aram and Narine Babayan,(720) 476-5151,aptransportation1@gmail.com,21581 E 40th Ave,"Denver, CO",AP Transportation LLC,
FHT Auto Transport Inc. (Lsd to ABC Auto),Steve 949-916-4910 ext 2,(949) 242-5207,fhtautotransport@yahoo.com,23101 Moulton Parkway # 208,"Laguna Hills, CA",FHT Auto Transport Inc. (Lsd to ABC Auto),
Orama and Son Inc,Yuniet,(305) 501-4869,oramaandson@yahoo.com,18000 NW  51st  Place,"Miami Gardens, FL",Orama and Son Inc,
Bishop's 24 Hour Truck Service & Towing,Rick,(305) 501-4869,,333 East Slone St,"Harrisburg, IL",Bishop's 24 Hour Truck Service & Towing,
HUSKY HAULING LLP,Lisa,,Lisa_osborn123@yahoo.com,25212 South Hackamore,"Claremore, OK",HUSKY HAULING LLP,
"GT Carriers, LLC",Dan Turkov,,georgeturkov@gmail.com,1117 Marston Street,"West Sacramento, CA","GT Carriers, LLC",
Eagan & Daughters Trucking LLC,"Chris Eagan, Joellen Eagen, Riley Eagen",(518) 499-2732,jorye3@aol.com,Po Box 74,"Whitehall, NY",Eagan & Daughters Trucking LLC,
